Application_Type,alpha_j
Video_Call,0.4120398064349717
Online_Gaming,0.16307312079823633
Emergency_Service,0.13961440025399194
Streaming,0.0918740108939768
Video_Streaming,0.08672288732364601
File_Download,0.050963389573731636
Web_Browsing,0.035919979398353036
Background_Download,0.011025733321240018
Voice_Call,0.00573338132704481
VoIP_Call,0.0029901176226462853
IoT_Temperature,4.317305216148199e-5
