Timestamp,User_ID,Application_Type,Signal_Strength,Latency,Required_Bandwidth,Allocated_Bandwidth,Resource_Allocation,Required_Bandwidth_Mbps,Allocated_Bandwidth_Mbps,Latency_ms,Signal_Strength_dBm,alpha_j,Payoff
9/3/2023 10:00,User_1,Video_Call,-75 dBm,30 ms,10 Mbps,15 Mbps,0.7,10.0,15.0,30.0,-75.0,0.4120398064349717,9.046146659458696
9/3/2023 10:00,User_2,Voice_Call,-80 dBm,20 ms,100 Kbps,120 Kbps,0.8,0.1,0.12,20.0,-80.0,0.00573338132704481,0.0013509931272454678
9/3/2023 10:00,User_3,Streaming,-85 dBm,40 ms,5 Mbps,6 Mbps,0.75,5.0,6.0,40.0,-85.0,0.0918740108939768,0.8221679952159857
9/3/2023 10:00,User_4,Emergency_Service,-70 dBm,10 ms,1 Mbps,1.5 Mbps,0.9,1.0,1.5,10.0,-70.0,0.13961440025399194,0.47119860085722276
9/3/2023 10:00,User_5,Online_Gaming,-78 dBm,25 ms,2 Mbps,3 Mbps,0.85,2.0,3.0,25.0,-78.0,0.16307312079823633,0.9479181077491118
9/3/2023 10:00,User_6,Background_Download,-90 dBm,50 ms,500 Kbps,550 Kbps,0.7,0.5,0.55,50.0,-90.0,0.011025733321240018,0.007525062991746312
9/3/2023 10:00,User_7,Web_Browsing,-88 dBm,30 ms,1 Mbps,1 Mbps,0.6,1.0,1.0,30.0,-88.0,0.035919979398353036,0.05015735305079115
9/3/2023 10:00,User_8,IoT_Temperature,-95 dBm,100 ms,10 Kbps,15 Kbps,0.5,0.01,0.015,100.0,-95.0,4.317305216148199e-5,9.934708025795575e-8
9/3/2023 10:00,User_9,Video_Streaming,-82 dBm,35 ms,3 Mbps,3.5 Mbps,0.8,3.0,3.5,35.0,-82.0,0.08672288732364601,0.504963721189048
9/3/2023 10:00,User_10,File_Download,-75 dBm,45 ms,2 Mbps,2 Mbps,0.7,2.0,2.0,45.0,-75.0,0.050963389573731636,0.12121178906570489
9/3/2023 10:00,User_11,Video_Call,-76 dBm,32 ms,12 Mbps,14 Mbps,0.7,12.0,14.0,32.0,-76.0,0.4120398064349717,8.303576011934434
9/3/2023 10:00,User_12,Online_Gaming,-79 dBm,24 ms,2.5 Mbps,2.8 Mbps,0.75,2.5,2.8,24.0,-79.0,0.16307312079823633,0.7965158337098218
9/3/2023 10:00,User_13,Web_Browsing,-87 dBm,28 ms,1.2 Mbps,1.2 Mbps,0.65,1.2,1.2,28.0,-87.0,0.035919979398353036,0.06631252705783405
9/3/2023 10:00,User_14,VoIP_Call,-81 dBm,22 ms,150 Kbps,170 Kbps,0.85,0.15,0.17,22.0,-81.0,0.0029901176226462853,0.0010456142314631796
9/3/2023 10:00,User_15,Video_Call,-74 dBm,29 ms,10 Mbps,12 Mbps,0.6,10.0,12.0,29.0,-74.0,0.4120398064349717,6.225996391560864
9/3/2023 10:00,User_16,Streaming,-84 dBm,38 ms,4.5 Mbps,5 Mbps,0.7,4.5,5.0,38.0,-84.0,0.0918740108939768,0.652472521003406
9/3/2023 10:00,User_17,Emergency_Service,-69 dBm,9 ms,1.2 Mbps,1.3 Mbps,0.8,1.2,1.3,9.0,-69.0,0.13961440025399194,0.36329443856637395
9/3/2023 10:00,User_18,Background_Download,-91 dBm,48 ms,600 Kbps,600 Kbps,0.55,0.6,0.6,48.0,-91.0,0.011025733321240018,0.006716325452633358
9/3/2023 10:00,User_19,IoT_Temperature,-96 dBm,105 ms,8 Kbps,9 Kbps,0.7,0.008,0.009,105.0,-96.0,4.317305216148199e-5,4.2034853513588324e-8
9/3/2023 10:00,User_20,Video_Streaming,-83 dBm,34 ms,3.2 Mbps,3.5 Mbps,0.75,3.2,3.5,34.0,-83.0,0.08672288732364601,0.4836476296798382
9/3/2023 10:00,User_21,Video_Call,-77 dBm,31 ms,11 Mbps,13 Mbps,0.75,11.0,13.0,31.0,-77.0,0.4120398064349717,8.439254165014734
9/3/2023 10:00,User_22,Online_Gaming,-80 dBm,23 ms,2.2 Mbps,2.5 Mbps,0.8,2.2,2.5,23.0,-80.0,0.16307312079823633,0.7738560823334488
9/3/2023 10:00,User_23,Web_Browsing,-86 dBm,29 ms,1.4 Mbps,1.4 Mbps,0.7,1.4,1.4,29.0,-86.0,0.035919979398353036,0.08165166444199981
9/3/2023 10:00,User_24,VoIP_Call,-82 dBm,21 ms,160 Kbps,180 Kbps,0.9,0.16,0.18,21.0,-82.0,0.0029901176226462853,0.0011953647585828012
9/3/2023 10:00,User_25,Video_Call,-73 dBm,28 ms,10.5 Mbps,12.5 Mbps,0.75,10.5,12.5,28.0,-73.0,0.4120398064349717,8.134859758010897
9/3/2023 10:00,User_26,Streaming,-83 dBm,37 ms,4.2 Mbps,4.8 Mbps,0.85,4.2,4.8,37.0,-83.0,0.0918740108939768,0.7649413442666891
9/3/2023 10:00,User_27,Emergency_Service,-68 dBm,8 ms,1.1 Mbps,1.2 Mbps,0.7,1.1,1.2,8.0,-68.0,0.13961440025399194,0.29361669906506793
9/3/2023 10:00,User_28,Background_Download,-92 dBm,47 ms,620 Kbps,620 Kbps,0.6,0.62,0.62,47.0,-92.0,0.011025733321240018,0.007751972583497432
9/3/2023 10:00,User_29,IoT_Temperature,-97 dBm,110 ms,7 Kbps,8 Kbps,0.65,0.007,0.008,110.0,-97.0,4.317305216148199e-5,0.0
9/3/2023 10:00,User_30,Video_Streaming,-84 dBm,33 ms,3.4 Mbps,3.7 Mbps,0.7,3.4,3.7,33.0,-84.0,0.08672288732364601,0.4874086436250876
9/3/2023 10:00,User_31,Video_Call,-78 dBm,30 ms,10.2 Mbps,12.2 Mbps,0.75,10.2,12.2,30.0,-78.0,0.4120398064349717,8.088715981960707
9/3/2023 10:00,User_32,Online_Gaming,-79 dBm,24 ms,2.3 Mbps,2.6 Mbps,0.8,2.3,2.6,24.0,-79.0,0.16307312079823633,0.7889299686268714
9/3/2023 10:00,User_33,Web_Browsing,-88 dBm,27 ms,1.3 Mbps,1.3 Mbps,0.7,1.3,1.3,27.0,-88.0,0.035919979398353036,0.07892468491513033
9/3/2023 10:00,User_34,VoIP_Call,-83 dBm,20 ms,170 Kbps,190 Kbps,0.9,0.17,0.19,20.0,-83.0,0.0029901176226462853,0.0012864097627592588
9/3/2023 10:00,User_35,Video_Call,-72 dBm,27 ms,10.8 Mbps,12.8 Mbps,0.75,10.8,12.8,27.0,-72.0,0.4120398064349717,8.35706627044254
9/3/2023 10:00,User_36,Streaming,-82 dBm,36 ms,4.0 Mbps,4.6 Mbps,0.85,4.0,4.6,36.0,-82.0,0.0918740108939768,0.737069275016299
9/3/2023 10:00,User_37,Emergency_Service,-67 dBm,7 ms,1.0 Mbps,1.1 Mbps,0.7,1.0,1.1,7.0,-67.0,0.13961440025399194,0.26927080340986786
9/3/2023 10:00,User_38,Background_Download,-93 dBm,46 ms,630 Kbps,630 Kbps,0.6,0.63,0.63,46.0,-93.0,0.011025733321240018,0.00806265770170212
9/3/2023 10:00,User_39,IoT_Temperature,-98 dBm,105 ms,6 Kbps,7 Kbps,0.65,0.006,0.007,105.0,-98.0,4.317305216148199e-5,3.0804953922948313e-8
9/3/2023 10:00,User_40,Video_Streaming,-85 dBm,32 ms,3.5 Mbps,3.8 Mbps,0.7,3.5,3.8,32.0,-85.0,0.08672288732364601,0.5111722915315362
9/3/2023 10:00,User_41,Video_Call,-79 dBm,29 ms,10.5 Mbps,12.3 Mbps,0.7,10.5,12.3,29.0,-79.0,0.4120398064349717,7.771800247111776
9/3/2023 10:00,User_42,Online_Gaming,-78 dBm,25 ms,2.4 Mbps,2.7 Mbps,0.75,2.4,2.7,25.0,-78.0,0.16307312079823633,0.7527584973301769
9/3/2023 10:00,User_43,Web_Browsing,-87 dBm,28 ms,1.2 Mbps,1.2 Mbps,0.7,1.2,1.2,28.0,-87.0,0.035919979398353036,0.07141349067766743
9/3/2023 10:00,User_44,VoIP_Call,-84 dBm,20 ms,165 Kbps,185 Kbps,0.9,0.165,0.185,20.0,-84.0,0.0029901176226462853,0.0012627402634872653
9/3/2023 10:00,User_45,Video_Call,-71 dBm,26 ms,10.2 Mbps,12.6 Mbps,0.8,10.2,12.6,26.0,-71.0,0.4120398064349717,8.801350064639259
9/3/2023 10:00,User_46,Streaming,-81 dBm,35 ms,3.8 Mbps,4.4 Mbps,0.85,3.8,4.4,35.0,-81.0,0.0918740108939768,0.7086931515334136
9/3/2023 10:00,User_47,Emergency_Service,-66 dBm,7 ms,1.1 Mbps,1.2 Mbps,0.7,1.1,1.2,7.0,-66.0,0.13961440025399194,0.29100464055849784
9/3/2023 10:00,User_48,Background_Download,-94 dBm,45 ms,640 Kbps,640 Kbps,0.6,0.64,0.64,45.0,-94.0,0.011025733321240018,0.008381161067170958
9/3/2023 10:00,User_49,IoT_Temperature,-99 dBm,104 ms,5 Kbps,6 Kbps,0.65,0.005,0.006,104.0,-99.0,4.317305216148199e-5,3.1914697604644633e-8
9/3/2023 10:00,User_50,Video_Streaming,-86 dBm,31 ms,3.6 Mbps,3.9 Mbps,0.7,3.6,3.9,31.0,-86.0,0.08672288732364601,0.5356009463057801
9/3/2023 10:01,User_51,Video_Call,-80 dBm,30 ms,11 Mbps,12.5 Mbps,0.8,11.0,12.5,30.0,-80.0,0.4120398064349717,8.989959413126655
9/3/2023 10:01,User_52,Online_Gaming,-77 dBm,24 ms,2.6 Mbps,2.9 Mbps,0.85,2.6,2.9,24.0,-77.0,0.16307312079823633,0.9192442938018454
9/3/2023 10:01,User_53,Web_Browsing,-89 dBm,27 ms,1.1 Mbps,1.1 Mbps,0.7,1.1,1.1,27.0,-89.0,0.035919979398353036,0.06730416339817905
9/3/2023 10:01,User_54,VoIP_Call,-85 dBm,21 ms,160 Kbps,190 Kbps,0.9,0.16,0.19,21.0,-85.0,0.0029901176226462853,0.0012928011391776652
9/3/2023 10:01,User_55,Video_Call,-70 dBm,27 ms,10.7 Mbps,12.3 Mbps,0.75,10.7,12.3,27.0,-70.0,0.4120398064349717,7.887214469802425
9/3/2023 10:01,User_56,Streaming,-80 dBm,35 ms,4.1 Mbps,4.7 Mbps,0.85,4.1,4.7,35.0,-80.0,0.0918740108939768,0.7507568322029401
9/3/2023 10:01,User_57,Emergency_Service,-65 dBm,8 ms,1.0 Mbps,1.1 Mbps,0.7,1.0,1.1,8.0,-65.0,0.13961440025399194,0.26167228967604433
9/3/2023 10:01,User_58,Background_Download,-95 dBm,46 ms,650 Kbps,650 Kbps,0.6,0.65,0.65,46.0,-95.0,0.011025733321240018,0.008443707045284174
9/3/2023 10:01,User_59,IoT_Temperature,-100 dBm,103 ms,4 Kbps,5 Kbps,0.75,0.004,0.005,103.0,-100.0,4.317305216148199e-5,3.605931061214687e-8
9/3/2023 10:01,User_60,Video_Streaming,-87 dBm,32 ms,3.7 Mbps,4.0 Mbps,0.7,3.7,4.0,32.0,-87.0,0.08672288732364601,0.5466853138905692
9/3/2023 10:01,User_61,Video_Call,-81 dBm,29 ms,10.3 Mbps,12.1 Mbps,0.7,10.3,12.1,29.0,-81.0,0.4120398064349717,7.773924125023127
9/3/2023 10:01,User_62,Online_Gaming,-76 dBm,23 ms,2.7 Mbps,3.0 Mbps,0.8,2.7,3.0,23.0,-76.0,0.16307312079823633,0.8976730555068007
9/3/2023 10:01,User_63,Web_Browsing,-90 dBm,26 ms,1.0 Mbps,1.0 Mbps,0.7,1.0,1.0,26.0,-90.0,0.035919979398353036,0.062402800572956954
9/3/2023 10:01,User_64,VoIP_Call,-86 dBm,20 ms,155 Kbps,180 Kbps,0.9,0.155,0.18,20.0,-86.0,0.0029901176226462853,0.001248428473229781
9/3/2023 10:01,User_65,Video_Call,-69 dBm,26 ms,10.9 Mbps,12.4 Mbps,0.75,10.9,12.4,26.0,-69.0,0.4120398064349717,7.973981624950679
9/3/2023 10:01,User_66,Streaming,-79 dBm,34 ms,4.3 Mbps,4.9 Mbps,0.85,4.3,4.9,34.0,-79.0,0.0918740108939768,0.7865304839993525
9/3/2023 10:01,User_67,Emergency_Service,-64 dBm,7 ms,1.0 Mbps,1.1 Mbps,0.7,1.0,1.1,7.0,-64.0,0.13961440025399194,0.2617211547161333
9/3/2023 10:01,User_68,Background_Download,-96 dBm,45 ms,660 Kbps,660 Kbps,0.6,0.66,0.66,45.0,-96.0,0.011025733321240018,0.008772073430378557
9/3/2023 10:01,User_69,IoT_Temperature,-101 dBm,102 ms,3 Kbps,4 Kbps,0.75,0.003,0.004,102.0,-101.0,4.317305216148199e-5,3.320400193510343e-8
9/3/2023 10:01,User_70,Video_Streaming,-88 dBm,31 ms,3.8 Mbps,4.1 Mbps,0.7,3.8,4.1,31.0,-88.0,0.08672288732364601,0.5720052434295348
9/3/2023 10:01,User_71,Video_Call,-82 dBm,28 ms,10.7 Mbps,12.2 Mbps,0.7,10.7,12.2,28.0,-82.0,0.4120398064349717,8.000516988485089
9/3/2023 10:01,User_72,Online_Gaming,-75 dBm,22 ms,2.8 Mbps,3.1 Mbps,0.8,2.8,3.1,22.0,-75.0,0.16307312079823633,0.9301690810331401
9/3/2023 10:01,User_73,Web_Browsing,-91 dBm,25 ms,0.9 Mbps,0.9 Mbps,0.7,0.9,0.9,25.0,-91.0,0.035919979398353036,0.057268284426912834
9/3/2023 10:01,User_74,VoIP_Call,-87 dBm,19 ms,150 Kbps,175 Kbps,0.9,0.15,0.175,19.0,-87.0,0.0029901176226462853,0.0012369759829489527
9/3/2023 10:01,User_75,Video_Call,-68 dBm,25 ms,11.0 Mbps,12.5 Mbps,0.75,11.0,12.5,25.0,-68.0,0.4120398064349717,8.059358145752217
9/3/2023 10:01,User_76,Streaming,-78 dBm,33 ms,4.4 Mbps,5.0 Mbps,0.85,4.4,5.0,33.0,-78.0,0.0918740108939768,0.806309288108264
9/3/2023 10:01,User_77,Emergency_Service,-63 dBm,6 ms,0.9 Mbps,1.0 Mbps,0.7,0.9,1.0,6.0,-63.0,0.13961440025399194,0.23792832246921206
9/3/2023 10:01,User_78,Background_Download,-97 dBm,44 ms,670 Kbps,670 Kbps,0.6,0.67,0.67,44.0,-97.0,0.011025733321240018,0.009108468554009591
9/3/2023 10:01,User_79,IoT_Temperature,-102 dBm,101 ms,2 Kbps,3 Kbps,0.75,0.002,0.003,101.0,-102.0,4.317305216148199e-5,2.821457079325941e-8
9/3/2023 10:01,User_80,Video_Streaming,-89 dBm,30 ms,3.9 Mbps,4.2 Mbps,0.7,3.9,4.2,30.0,-89.0,0.08672288732364601,0.5980094953884725
9/3/2023 10:01,User_81,Video_Call,-83 dBm,27 ms,10.8 Mbps,12.0 Mbps,0.7,10.8,12.0,27.0,-83.0,0.4120398064349717,8.030618369253377
9/3/2023 10:01,User_82,Online_Gaming,-74 dBm,21 ms,2.9 Mbps,3.2 Mbps,0.8,2.9,3.2,21.0,-74.0,0.16307312079823633,0.9626413868328181
9/3/2023 10:01,User_83,Web_Browsing,-92 dBm,24 ms,0.8 Mbps,0.8 Mbps,0.7,0.8,0.8,24.0,-92.0,0.035919979398353036,0.05189718623474047
9/3/2023 10:01,User_84,VoIP_Call,-88 dBm,18 ms,145 Kbps,170 Kbps,0.9,0.145,0.17,18.0,-88.0,0.0029901176226462853,0.0012244042372761925
9/3/2023 10:01,User_85,Video_Call,-67 dBm,24 ms,11.2 Mbps,12.8 Mbps,0.75,11.2,12.8,24.0,-67.0,0.4120398064349717,8.272560651959148
9/3/2023 10:01,User_86,Streaming,-77 dBm,32 ms,4.5 Mbps,5.1 Mbps,0.85,4.5,5.1,32.0,-77.0,0.0918740108939768,0.8260561451179326
9/3/2023 10:01,User_87,Emergency_Service,-62 dBm,6 ms,0.8 Mbps,0.9 Mbps,0.7,0.8,0.9,6.0,-62.0,0.13961440025399194,0.21205650488032685
9/3/2023 10:01,User_88,Background_Download,-98 dBm,43 ms,680 Kbps,680 Kbps,0.6,0.68,0.68,43.0,-98.0,0.011025733321240018,0.009452982626722629
9/3/2023 10:01,User_89,IoT_Temperature,-103 dBm,100 ms,1 Kbps,2 Kbps,0.75,0.001,0.002,100.0,-103.0,4.317305216148199e-5,2.1046862928722478e-8
9/3/2023 10:01,User_90,Video_Streaming,-90 dBm,29 ms,4.0 Mbps,4.3 Mbps,0.7,4.0,4.3,29.0,-90.0,0.08672288732364601,0.6247063478611721
9/3/2023 10:01,User_91,Video_Call,-84 dBm,26 ms,10.9 Mbps,12.1 Mbps,0.7,10.9,12.1,26.0,-84.0,0.4120398064349717,8.261727750866331
9/3/2023 10:01,User_92,Online_Gaming,-73 dBm,20 ms,3.0 Mbps,3.3 Mbps,0.8,3.0,3.3,20.0,-73.0,0.16307312079823633,0.9950721831108379
9/3/2023 10:01,User_93,Web_Browsing,-93 dBm,23 ms,0.7 Mbps,0.7 Mbps,0.7,0.7,0.7,23.0,-93.0,0.035919979398353036,0.046286077271133645
9/3/2023 10:01,User_94,VoIP_Call,-89 dBm,17 ms,140 Kbps,165 Kbps,0.9,0.14,0.165,17.0,-89.0,0.0029901176226462853,0.0012106948877624527
9/3/2023 10:01,User_95,Video_Call,-66 dBm,23 ms,11.4 Mbps,12.7 Mbps,0.75,11.4,12.7,23.0,-66.0,0.4120398064349717,8.22577072257614
9/3/2023 10:01,User_96,Streaming,-76 dBm,31 ms,4.6 Mbps,5.2 Mbps,0.85,4.6,5.2,31.0,-76.0,0.0918740108939768,0.8457604059952779
9/3/2023 10:01,User_97,Emergency_Service,-61 dBm,6 ms,0.7 Mbps,0.8 Mbps,0.7,0.7,0.8,6.0,-61.0,0.13961440025399194,0.18664668403410034
9/3/2023 10:01,User_98,Background_Download,-99 dBm,42 ms,690 Kbps,690 Kbps,0.6,0.69,0.69,42.0,-99.0,0.011025733321240018,0.009805705859063022
9/3/2023 10:01,User_99,IoT_Temperature,-104 dBm,99 ms,1 Kbps,2 Kbps,0.75,0.001,0.002,99.0,-104.0,4.317305216148199e-5,2.331344816720027e-8
9/3/2023 10:01,User_100,Video_Streaming,-91 dBm,28 ms,4.1 Mbps,4.4 Mbps,0.7,4.1,4.4,28.0,-91.0,0.08672288732364601,0.652104078941424
9/3/2023 10:01,User_101,VoIP_Call,-86 dBm,18 ms,155 Kbps,180 Kbps,0.9,0.155,0.18,18.0,-86.0,0.0029901176226462853,0.0012761713281904431
9/3/2023 10:01,User_102,Online_Gaming,-74 dBm,22 ms,2.9 Mbps,3.2 Mbps,0.8,2.9,3.2,22.0,-74.0,0.16307312079823633,0.951825191475146
9/3/2023 10:01,User_103,Web_Browsing,-92 dBm,25 ms,0.8 Mbps,0.8 Mbps,0.7,0.8,0.8,25.0,-92.0,0.035919979398353036,0.05129373058084813
9/3/2023 10:01,User_104,Video_Call,-67 dBm,24 ms,11.2 Mbps,12.5 Mbps,0.75,11.2,12.5,24.0,-67.0,0.4120398064349717,8.078672511678855
9/3/2023 10:01,User_105,Streaming,-77 dBm,32 ms,4.5 Mbps,5.1 Mbps,0.85,4.5,5.1,32.0,-77.0,0.0918740108939768,0.8260561451179326
9/3/2023 10:01,User_106,Emergency_Service,-62 dBm,6 ms,0.8 Mbps,0.9 Mbps,0.7,0.8,0.9,6.0,-62.0,0.13961440025399194,0.21205650488032685
9/3/2023 10:01,User_107,Background_Download,-97 dBm,44 ms,670 Kbps,670 Kbps,0.6,0.67,0.67,44.0,-97.0,0.011025733321240018,0.009108468554009591
9/3/2023 10:01,User_108,IoT_Temperature,-103 dBm,100 ms,1 Kbps,2 Kbps,0.75,0.001,0.002,100.0,-103.0,4.317305216148199e-5,2.1046862928722478e-8
9/3/2023 10:01,User_109,Video_Streaming,-90 dBm,29 ms,4.0 Mbps,4.3 Mbps,0.7,4.0,4.3,29.0,-90.0,0.08672288732364601,0.6247063478611721
9/3/2023 10:01,User_110,VoIP_Call,-85 dBm,19 ms,150 Kbps,175 Kbps,0.9,0.15,0.175,19.0,-85.0,0.0029901176226462853,0.001217496046209599
9/3/2023 10:02,User_111,Video_Call,-83 dBm,27 ms,10.8 Mbps,12.0 Mbps,0.7,10.8,12.0,27.0,-83.0,0.4120398064349717,8.030618369253377
9/3/2023 10:02,User_112,Online_Gaming,-72 dBm,21 ms,3.1 Mbps,3.4 Mbps,0.8,3.1,3.4,21.0,-72.0,0.16307312079823633,1.0048625002903977
9/3/2023 10:02,User_113,Web_Browsing,-94 dBm,24 ms,0.7 Mbps,0.7 Mbps,0.7,0.7,0.7,24.0,-94.0,0.035919979398353036,0.04609806883350999
9/3/2023 10:02,User_114,VoIP_Call,-88 dBm,18 ms,145 Kbps,170 Kbps,0.9,0.145,0.17,18.0,-88.0,0.0029901176226462853,0.0012244042372761925
9/3/2023 10:02,User_115,Video_Call,-68 dBm,25 ms,11.4 Mbps,12.7 Mbps,0.75,11.4,12.7,25.0,-68.0,0.4120398064349717,8.18830787608425
9/3/2023 10:02,User_116,Streaming,-76 dBm,31 ms,4.6 Mbps,5.2 Mbps,0.85,4.6,5.2,31.0,-76.0,0.0918740108939768,0.8457604059952779
9/3/2023 10:02,User_117,Emergency_Service,-61 dBm,6 ms,0.7 Mbps,0.8 Mbps,0.7,0.7,0.8,6.0,-61.0,0.13961440025399194,0.18664668403410034
9/3/2023 10:02,User_118,Background_Download,-98 dBm,43 ms,680 Kbps,680 Kbps,0.6,0.68,0.68,43.0,-98.0,0.011025733321240018,0.009452982626722629
9/3/2023 10:02,User_119,IoT_Temperature,-102 dBm,99 ms,1 Kbps,2 Kbps,0.75,0.001,0.002,99.0,-102.0,4.317305216148199e-5,2.2989650275989153e-8
9/3/2023 10:02,User_120,Video_Streaming,-89 dBm,30 ms,4.1 Mbps,4.4 Mbps,0.7,4.1,4.4,30.0,-89.0,0.08672288732364601,0.6264861380260189
9/3/2023 10:02,User_121,VoIP_Call,-86 dBm,19 ms,155 Kbps,180 Kbps,0.9,0.155,0.18,19.0,-86.0,0.0029901176226462853,0.0012622999007101121
9/3/2023 10:02,User_122,Online_Gaming,-74 dBm,22 ms,2.9 Mbps,3.2 Mbps,0.8,2.9,3.2,22.0,-74.0,0.16307312079823633,0.951825191475146
9/3/2023 10:02,User_123,Web_Browsing,-92 dBm,25 ms,0.8 Mbps,0.8 Mbps,0.7,0.8,0.8,25.0,-92.0,0.035919979398353036,0.05129373058084813
9/3/2023 10:02,User_124,Video_Call,-67 dBm,24 ms,11.2 Mbps,12.5 Mbps,0.75,11.2,12.5,24.0,-67.0,0.4120398064349717,8.078672511678855
9/3/2023 10:02,User_125,Streaming,-77 dBm,32 ms,4.5 Mbps,5.1 Mbps,0.85,4.5,5.1,32.0,-77.0,0.0918740108939768,0.8260561451179326
9/3/2023 10:02,User_126,Emergency_Service,-62 dBm,6 ms,0.8 Mbps,0.9 Mbps,0.7,0.8,0.9,6.0,-62.0,0.13961440025399194,0.21205650488032685
9/3/2023 10:02,User_127,Background_Download,-97 dBm,44 ms,670 Kbps,670 Kbps,0.6,0.67,0.67,44.0,-97.0,0.011025733321240018,0.009108468554009591
9/3/2023 10:02,User_128,IoT_Temperature,-103 dBm,100 ms,1 Kbps,2 Kbps,0.75,0.001,0.002,100.0,-103.0,4.317305216148199e-5,2.1046862928722478e-8
9/3/2023 10:02,User_129,Video_Streaming,-90 dBm,29 ms,4.0 Mbps,4.3 Mbps,0.7,4.0,4.3,29.0,-90.0,0.08672288732364601,0.6247063478611721
9/3/2023 10:02,User_130,Video_Call,-85 dBm,19 ms,150 Kbps,175 Kbps,0.9,0.15,0.175,19.0,-85.0,0.4120398064349717,0.16777160584458045
9/3/2023 10:02,User_131,Web_Browsing,-85 dBm,28 ms,1.5 Mbps,1.5 Mbps,0.7,1.5,1.5,28.0,-85.0,0.035919979398353036,0.08786108597153967
9/3/2023 10:02,User_132,Background_Download,-99 dBm,46 ms,620 Kbps,620 Kbps,0.6,0.62,0.62,46.0,-99.0,0.011025733321240018,0.008292634451995328
9/3/2023 10:02,User_133,VoIP_Call,-88 dBm,20 ms,130 Kbps,155 Kbps,0.9,0.13,0.155,20.0,-88.0,0.0029901176226462853,0.0010920996873403379
9/3/2023 10:02,User_134,Streaming,-75 dBm,30 ms,5.0 Mbps,5.7 Mbps,0.85,5.0,5.7,30.0,-75.0,0.0918740108939768,0.9307254912700278
9/3/2023 10:02,User_135,Video_Call,-66 dBm,26 ms,11.0 Mbps,12.3 Mbps,0.75,11.0,12.3,26.0,-66.0,0.4120398064349717,7.691977835610164
9/3/2023 10:02,User_136,Video_Streaming,-80 dBm,29 ms,4.2 Mbps,4.6 Mbps,0.7,4.2,4.6,29.0,-80.0,0.08672288732364601,0.6168835492296367
9/3/2023 10:02,User_137,Emergency_Service,-60 dBm,5 ms,0.9 Mbps,1.0 Mbps,0.7,0.9,1.0,5.0,-60.0,0.13961440025399194,0.23321950951519105
9/3/2023 10:02,User_138,Web_Browsing,-94 dBm,27 ms,0.6 Mbps,0.6 Mbps,0.7,0.6,0.6,27.0,-94.0,0.035919979398353036,0.038134282855627866
9/3/2023 10:02,User_139,Background_Download,-96 dBm,45 ms,660 Kbps,660 Kbps,0.6,0.66,0.66,45.0,-96.0,0.011025733321240018,0.008772073430378557
9/3/2023 10:02,User_140,Online_Gaming,-72 dBm,20 ms,3.2 Mbps,3.5 Mbps,0.8,3.2,3.5,20.0,-72.0,0.16307312079823633,1.0460399457748686
9/3/2023 10:02,User_141,Streaming,-78 dBm,32 ms,4.4 Mbps,5.0 Mbps,0.85,4.4,5.0,32.0,-78.0,0.0918740108939768,0.816780837304475
9/3/2023 10:02,User_142,Video_Call,-67 dBm,27 ms,11.1 Mbps,12.4 Mbps,0.75,11.1,12.4,27.0,-67.0,0.4120398064349717,7.73448348746035
9/3/2023 10:02,User_143,Video_Streaming,-81 dBm,28 ms,4.1 Mbps,4.5 Mbps,0.7,4.1,4.5,28.0,-81.0,0.08672288732364601,0.6160143493816884
9/3/2023 10:02,User_144,Emergency_Service,-59 dBm,5 ms,0.9 Mbps,1.1 Mbps,0.7,0.9,1.1,5.0,-59.0,0.13961440025399194,0.2539760458620431
9/3/2023 10:02,User_145,Web_Browsing,-95 dBm,26 ms,0.7 Mbps,0.7 Mbps,0.7,0.7,0.7,26.0,-95.0,0.035919979398353036,0.04536203580111101
9/3/2023 10:02,User_146,Background_Download,-95 dBm,47 ms,610 Kbps,610 Kbps,0.6,0.61,0.61,47.0,-95.0,0.011025733321240018,0.007800280330535356
9/3/2023 10:02,User_147,VoIP_Call,-87 dBm,21 ms,125 Kbps,150 Kbps,0.9,0.125,0.15,21.0,-87.0,0.0029901176226462853,0.001036962597950927
9/3/2023 10:02,User_148,Online_Gaming,-71 dBm,19 ms,3.3 Mbps,3.6 Mbps,0.8,3.3,3.6,19.0,-71.0,0.16307312079823633,1.0781683155379538
9/3/2023 10:02,User_149,Streaming,-79 dBm,33 ms,4.3 Mbps,4.8 Mbps,0.85,4.3,4.8,33.0,-79.0,0.0918740108939768,0.7806167209617633
9/3/2023 10:02,User_150,Video_Call,-68 dBm,28 ms,11.3 Mbps,12.6 Mbps,0.75,11.3,12.6,28.0,-68.0,0.4120398064349717,7.837109492885826
9/3/2023 10:02,User_151,Video_Streaming,-82 dBm,30 ms,4.0 Mbps,4.4 Mbps,0.7,4.0,4.4,30.0,-82.0,0.08672288732364601,0.5924907661951496
9/3/2023 10:02,User_152,Emergency_Service,-58 dBm,5 ms,0.8 Mbps,1.0 Mbps,0.7,0.8,1.0,5.0,-58.0,0.13961440025399194,0.22855511932488726
9/3/2023 10:02,User_153,Web_Browsing,-96 dBm,25 ms,0.6 Mbps,0.6 Mbps,0.7,0.6,0.6,25.0,-96.0,0.035919979398353036,0.03963606453974628
9/3/2023 10:02,User_154,Background_Download,-94 dBm,48 ms,650 Kbps,650 Kbps,0.6,0.65,0.65,48.0,-94.0,0.011025733321240018,0.008119249783821867
9/3/2023 10:02,User_155,VoIP_Call,-86 dBm,22 ms,120 Kbps,145 Kbps,0.9,0.12,0.145,22.0,-86.0,0.0029901176226462853,0.0009833300813834574
9/3/2023 10:02,User_156,Streaming,-80 dBm,31 ms,4.4 Mbps,4.9 Mbps,0.85,4.4,4.9,31.0,-80.0,0.0918740108939768,0.8244481411227181
9/3/2023 10:02,User_157,Video_Call,-66 dBm,25 ms,11.5 Mbps,12.8 Mbps,0.75,11.5,12.8,25.0,-66.0,0.4120398064349717,8.099953431227117
9/3/2023 10:02,User_158,Video_Streaming,-83 dBm,31 ms,4.0 Mbps,4.4 Mbps,0.7,4.0,4.4,31.0,-83.0,0.08672288732364601,0.5898804072867079
9/3/2023 10:02,User_159,Emergency_Service,-58 dBm,5 ms,0.8 Mbps,1.0 Mbps,0.7,0.8,1.0,5.0,-58.0,0.13961440025399194,0.22855511932488726
9/3/2023 10:02,User_160,Web_Browsing,-97 dBm,24 ms,0.5 Mbps,0.5 Mbps,0.7,0.5,0.5,24.0,-97.0,0.035919979398353036,0.03366436796477009
9/3/2023 10:02,User_161,Background_Download,-97 dBm,49 ms,640 Kbps,640 Kbps,0.6,0.64,0.64,49.0,-97.0,0.011025733321240018,0.008041488293725339
9/3/2023 10:02,User_162,VoIP_Call,-85 dBm,23 ms,115 Kbps,140 Kbps,0.9,0.115,0.14,23.0,-85.0,0.0029901176226462853,0.0009311837891888803
9/3/2023 10:02,User_163,Online_Gaming,-70 dBm,18 ms,3.4 Mbps,3.7 Mbps,0.8,3.4,3.7,18.0,-70.0,0.16307312079823633,1.1102018063943933
9/3/2023 10:02,User_164,Streaming,-81 dBm,32 ms,4.2 Mbps,4.7 Mbps,0.85,4.2,4.7,32.0,-81.0,0.0918740108939768,0.787293664703483
9/3/2023 10:02,User_165,Video_Call,-65 dBm,24 ms,11.6 Mbps,12.9 Mbps,0.75,11.6,12.9,24.0,-65.0,0.4120398064349717,8.181354704350662
9/3/2023 10:02,User_166,Video_Streaming,-84 dBm,30 ms,3.9 Mbps,4.3 Mbps,0.7,3.9,4.3,30.0,-84.0,0.08672288732364601,0.588517281175957
9/3/2023 10:02,User_167,Emergency_Service,-57 dBm,5 ms,0.7 Mbps,0.9 Mbps,0.7,0.7,0.9,5.0,-57.0,0.13961440025399194,0.20360063180676177
9/3/2023 10:02,User_168,Web_Browsing,-97 dBm,23 ms,0.5 Mbps,0.5 Mbps,0.7,0.5,0.5,23.0,-97.0,0.035919979398353036,0.03405581410389533
9/3/2023 10:02,User_169,Background_Download,-98 dBm,50 ms,630 Kbps,630 Kbps,0.6,0.63,0.63,50.0,-98.0,0.011025733321240018,0.007842904813215878
9/3/2023 10:02,User_170,VoIP_Call,-84 dBm,24 ms,110 Kbps,135 Kbps,0.9,0.11,0.135,24.0,-84.0,0.0029901176226462853,0.0008805053729181474
9/3/2023 10:03,User_171,Online_Gaming,-69 dBm,19 ms,3.5 Mbps,3.8 Mbps,0.8,3.5,3.8,19.0,-69.0,0.16307312079823633,1.1175608515911424
9/3/2023 10:03,User_172,Streaming,-82 dBm,33 ms,4.1 Mbps,4.6 Mbps,0.85,4.1,4.6,33.0,-82.0,0.0918740108939768,0.766950461841284
9/3/2023 10:03,User_173,Video_Call,-64 dBm,25 ms,11.7 Mbps,13.0 Mbps,0.75,11.7,13.0,25.0,-64.0,0.4120398064349717,8.071297935597777
9/3/2023 10:03,User_174,Video_Streaming,-85 dBm,29 ms,3.8 Mbps,4.2 Mbps,0.7,3.8,4.2,29.0,-85.0,0.08672288732364601,0.5867098973651438
9/3/2023 10:03,User_175,Emergency_Service,-57 dBm,5 ms,0.7 Mbps,0.8 Mbps,0.7,0.7,0.8,5.0,-57.0,0.13961440025399194,0.1809783393837883
9/3/2023 10:03,User_176,Web_Browsing,-98 dBm,22 ms,0.5 Mbps,0.5 Mbps,0.7,0.5,0.5,22.0,-98.0,0.035919979398353036,0.034698700098809036
9/3/2023 10:03,User_177,Background_Download,-98 dBm,51 ms,620 Kbps,620 Kbps,0.6,0.62,0.62,51.0,-98.0,0.011025733321240018,0.007589774022948063
9/3/2023 10:03,User_178,VoIP_Call,-83 dBm,25 ms,105 Kbps,130 Kbps,0.9,0.105,0.13,25.0,-83.0,0.0029901176226462853,0.0008312764841222112
9/3/2023 10:03,User_179,Online_Gaming,-68 dBm,20 ms,3.6 Mbps,3.9 Mbps,0.8,3.6,3.9,20.0,-68.0,0.16307312079823633,1.1239592478580989
9/3/2023 10:03,User_180,Streaming,-83 dBm,34 ms,4.0 Mbps,4.5 Mbps,0.85,4.0,4.5,34.0,-83.0,0.0918740108939768,0.7466037093013919
9/3/2023 10:03,User_181,Video_Call,-63 dBm,26 ms,11.8 Mbps,13.1 Mbps,0.75,11.8,13.1,26.0,-63.0,0.4120398064349717,7.96041240496149
9/3/2023 10:03,User_182,Video_Streaming,-86 dBm,31 ms,3.7 Mbps,4.1 Mbps,0.7,3.7,4.1,31.0,-86.0,0.08672288732364601,0.5630676615009483
9/3/2023 10:03,User_183,Emergency_Service,-56 dBm,5 ms,0.7 Mbps,0.8 Mbps,0.7,0.7,0.8,5.0,-56.0,0.13961440025399194,0.17911258330766675
9/3/2023 10:03,User_184,Web_Browsing,-98 dBm,21 ms,0.5 Mbps,0.5 Mbps,0.7,0.5,0.5,21.0,-98.0,0.035919979398353036,0.03509300350902277
9/3/2023 10:03,User_185,Background_Download,-99 dBm,52 ms,610 Kbps,610 Kbps,0.6,0.61,0.61,52.0,-99.0,0.011025733321240018,0.007393987069344627
9/3/2023 10:03,User_186,VoIP_Call,-82 dBm,26 ms,100 Kbps,125 Kbps,0.9,0.1,0.125,26.0,-82.0,0.0029901176226462853,0.0007834787743520233
9/3/2023 10:03,User_187,Online_Gaming,-67 dBm,21 ms,3.7 Mbps,4.0 Mbps,0.8,3.7,4.0,21.0,-67.0,0.16307312079823633,1.1294147849902578
9/3/2023 10:03,User_188,Streaming,-84 dBm,35 ms,3.9 Mbps,4.4 Mbps,0.85,3.9,4.4,35.0,-84.0,0.0918740108939768,0.7262640561168866
9/3/2023 10:03,User_189,Video_Call,-63 dBm,27 ms,11.9 Mbps,13.2 Mbps,0.75,11.9,13.2,27.0,-63.0,0.4120398064349717,7.92568868672829
9/3/2023 10:03,User_190,Video_Streaming,-87 dBm,32 ms,3.6 Mbps,4.0 Mbps,0.7,3.6,4.0,32.0,-87.0,0.08672288732364601,0.5466853138905692
9/3/2023 10:03,User_191,Emergency_Service,-55 dBm,5 ms,0.7 Mbps,0.8 Mbps,0.7,0.7,0.8,5.0,-55.0,0.13961440025399194,0.17724682723154522
9/3/2023 10:03,User_192,Web_Browsing,-99 dBm,20 ms,0.4 Mbps,0.4 Mbps,0.7,0.4,0.4,20.0,-99.0,0.035919979398353036,0.028595569053761594
9/3/2023 10:03,User_193,Background_Download,-100 dBm,53 ms,600 Kbps,600 Kbps,0.6,0.6,0.6,53.0,-100.0,0.011025733321240018,0.007198801519376892
9/3/2023 10:03,User_194,VoIP_Call,-81 dBm,27 ms,95 Kbps,120 Kbps,0.9,0.095,0.12,27.0,-81.0,0.0029901176226462853,0.0007370938951585357
9/3/2023 10:03,User_195,Online_Gaming,-66 dBm,22 ms,3.8 Mbps,4.1 Mbps,0.8,3.8,4.1,22.0,-66.0,0.16307312079823633,1.133945252782616
9/3/2023 10:03,User_196,Streaming,-85 dBm,36 ms,3.8 Mbps,4.3 Mbps,0.85,3.8,4.3,36.0,-85.0,0.0918740108939768,0.7059421513208495
9/3/2023 10:03,User_197,Video_Call,-62 dBm,28 ms,12.0 Mbps,13.3 Mbps,0.75,12.0,13.3,28.0,-62.0,0.4120398064349717,7.812920883339881
9/3/2023 10:03,User_198,Video_Streaming,-88 dBm,33 ms,3.5 Mbps,3.9 Mbps,0.7,3.5,3.9,33.0,-88.0,0.08672288732364601,0.53032780056156
9/3/2023 10:03,User_199,Emergency_Service,-54 dBm,5 ms,0.6 Mbps,0.7 Mbps,0.7,0.6,0.7,5.0,-54.0,0.13961440025399194,0.15345843726099573
9/3/2023 10:03,User_200,Web_Browsing,-100 dBm,19 ms,0.4 Mbps,0.4 Mbps,0.7,0.4,0.4,19.0,-100.0,0.035919979398353036,0.029121306934046576
9/3/2023 10:03,User_201,Background_Download,-100 dBm,54 ms,590 Kbps,590 Kbps,0.6,0.59,0.59,54.0,-100.0,0.011025733321240018,0.006954631643281067
9/3/2023 10:03,User_202,VoIP_Call,-80 dBm,28 ms,90 Kbps,115 Kbps,0.9,0.09,0.115,28.0,-80.0,0.0029901176226462853,0.0006921034980927007
9/3/2023 10:03,User_203,Online_Gaming,-65 dBm,23 ms,3.9 Mbps,4.2 Mbps,0.8,3.9,4.2,23.0,-65.0,0.16307312079823633,1.1375684410301699
9/3/2023 10:03,User_204,Streaming,-86 dBm,37 ms,3.7 Mbps,4.2 Mbps,0.85,3.7,4.2,37.0,-86.0,0.0918740108939768,0.6856486439463615
9/3/2023 10:03,User_205,Video_Call,-61 dBm,29 ms,12.1 Mbps,13.4 Mbps,0.75,12.1,13.4,29.0,-61.0,0.4120398064349717,7.69943669256074
9/3/2023 10:03,User_206,Video_Streaming,-89 dBm,34 ms,3.4 Mbps,3.8 Mbps,0.7,3.4,3.8,34.0,-89.0,0.08672288732364601,0.5140033996077109
9/3/2023 10:03,User_207,Emergency_Service,-54 dBm,5 ms,0.6 Mbps,0.7 Mbps,0.7,0.6,0.7,5.0,-54.0,0.13961440025399194,0.15345843726099573
9/3/2023 10:03,User_208,Web_Browsing,-101 dBm,18 ms,0.4 Mbps,0.4 Mbps,0.7,0.4,0.4,18.0,-101.0,0.035919979398353036,0.029651616448073174
9/3/2023 10:03,User_209,Background_Download,-101 dBm,55 ms,580 Kbps,580 Kbps,0.6,0.58,0.58,55.0,-101.0,0.011025733321240018,0.0067626335325825645
9/3/2023 10:03,User_210,VoIP_Call,-79 dBm,29 ms,85 Kbps,110 Kbps,0.9,0.085,0.11,29.0,-79.0,0.0029901176226462853,0.0006484892347054697
9/3/2023 10:03,User_211,Online_Gaming,-64 dBm,24 ms,4.0 Mbps,4.3 Mbps,0.8,4.0,4.3,24.0,-64.0,0.16307312079823633,1.1403021395279147
9/3/2023 10:03,User_212,Streaming,-87 dBm,38 ms,3.6 Mbps,4.1 Mbps,0.85,3.6,4.1,38.0,-87.0,0.0918740108939768,0.6653941830265034
9/3/2023 10:03,User_213,Video_Call,-60 dBm,30 ms,12.2 Mbps,13.5 Mbps,0.75,12.2,13.5,30.0,-60.0,0.4120398064349717,7.5852782548256155
9/3/2023 10:03,User_214,Video_Streaming,-90 dBm,35 ms,3.3 Mbps,3.7 Mbps,0.7,3.3,3.7,35.0,-90.0,0.08672288732364601,0.4977203891228115
9/3/2023 10:03,User_215,Emergency_Service,-53 dBm,5 ms,0.6 Mbps,0.6 Mbps,0.7,0.6,0.6,5.0,-53.0,0.13961440025399194,0.13013648630947663
9/3/2023 10:03,User_216,Web_Browsing,-101 dBm,17 ms,0.4 Mbps,0.4 Mbps,0.7,0.4,0.4,17.0,-101.0,0.035919979398353036,0.029973916626856577
9/3/2023 10:03,User_217,Background_Download,-102 dBm,56 ms,570 Kbps,570 Kbps,0.6,0.57,0.57,56.0,-102.0,0.011025733321240018,0.006571477386974048
9/3/2023 10:03,User_218,VoIP_Call,-78 dBm,30 ms,80 Kbps,105 Kbps,0.9,0.08,0.105,30.0,-78.0,0.0029901176226462853,0.0006062327565477952
9/3/2023 10:03,User_219,Online_Gaming,-63 dBm,25 ms,4.1 Mbps,4.4 Mbps,0.8,4.1,4.4,25.0,-63.0,0.16307312079823633,1.1421641380708474
9/3/2023 10:03,User_220,Streaming,-88 dBm,39 ms,3.5 Mbps,4.0 Mbps,0.85,3.5,4.0,39.0,-88.0,0.0918740108939768,0.6451894175943564
9/3/2023 10:03,User_221,Video_Call,-59 dBm,31 ms,12.3 Mbps,13.6 Mbps,0.75,12.3,13.6,31.0,-59.0,0.4120398064349717,7.470487710569255
9/3/2023 10:03,User_222,Video_Streaming,-91 dBm,36 ms,3.2 Mbps,3.6 Mbps,0.7,3.2,3.6,36.0,-91.0,0.08672288732364601,0.4814870472006521
9/3/2023 10:03,User_223,Emergency_Service,-53 dBm,5 ms,0.6 Mbps,0.6 Mbps,0.7,0.6,0.6,5.0,-53.0,0.13961440025399194,0.13013648630947663
9/3/2023 10:03,User_224,Web_Browsing,-102 dBm,16 ms,0.4 Mbps,0.4 Mbps,0.7,0.4,0.4,16.0,-102.0,0.035919979398353036,0.03051108359149558
9/3/2023 10:03,User_225,Background_Download,-102 dBm,57 ms,560 Kbps,560 Kbps,0.6,0.56,0.56,57.0,-102.0,0.011025733321240018,0.006336629267231637
9/3/2023 10:03,User_226,VoIP_Call,-77 dBm,31 ms,75 Kbps,100 Kbps,0.9,0.075,0.1,31.0,-77.0,0.0029901176226462853,0.0005653157151706286
9/3/2023 10:03,User_227,Online_Gaming,-62 dBm,26 ms,4.2 Mbps,4.5 Mbps,0.8,4.2,4.5,26.0,-62.0,0.16307312079823633,1.1431722264539637
9/3/2023 10:03,User_228,Streaming,-89 dBm,40 ms,3.4 Mbps,3.9 Mbps,0.85,3.4,3.9,40.0,-89.0,0.0918740108939768,0.6250449966830008
9/3/2023 10:03,User_229,Video_Call,-58 dBm,32 ms,12.4 Mbps,13.7 Mbps,0.75,12.4,13.7,32.0,-58.0,0.4120398064349717,7.355107200226406
9/3/2023 10:03,User_230,Video_Streaming,-92 dBm,37 ms,3.1 Mbps,3.5 Mbps,0.7,3.1,3.5,37.0,-92.0,0.08672288732364601,0.46531165193502255
9/3/2023 10:04,User_231,Emergency_Service,-52 dBm,5 ms,0.6 Mbps,0.6 Mbps,0.7,0.6,0.6,5.0,-52.0,0.13961440025399194,0.12873716925238546
9/3/2023 10:04,User_232,Web_Browsing,-102 dBm,15 ms,0.3 Mbps,0.3 Mbps,0.7,0.3,0.3,15.0,-102.0,0.035919979398353036,0.02312675219036234
9/3/2023 10:04,User_233,Background_Download,-103 dBm,58 ms,550 Kbps,550 Kbps,0.6,0.55,0.55,58.0,-103.0,0.011025733321240018,0.00614905147325556
9/3/2023 10:04,User_234,VoIP_Call,-76 dBm,32 ms,70 Kbps,95 Kbps,0.9,0.07,0.095,32.0,-76.0,0.0029901176226462853,0.000525719762124922
9/3/2023 10:04,User_235,Online_Gaming,-61 dBm,27 ms,4.3 Mbps,4.6 Mbps,0.8,4.3,4.6,27.0,-61.0,0.16307312079823633,1.1433441944722598
9/3/2023 10:04,User_236,Streaming,-90 dBm,41 ms,3.3 Mbps,3.8 Mbps,0.85,3.3,3.8,41.0,-90.0,0.0918740108939768,0.6049715693255179
9/3/2023 10:04,User_237,Video_Call,-57 dBm,33 ms,12.5 Mbps,13.8 Mbps,0.75,12.5,13.8,33.0,-57.0,0.4120398064349717,7.239178864231821
9/3/2023 10:04,User_238,Video_Streaming,-93 dBm,38 ms,3.0 Mbps,3.4 Mbps,0.7,3.0,3.4,38.0,-93.0,0.08672288732364601,0.44920248141971303
9/3/2023 10:04,User_239,Emergency_Service,-52 dBm,5 ms,0.6 Mbps,0.6 Mbps,0.7,0.6,0.6,5.0,-52.0,0.13961440025399194,0.12873716925238546
9/3/2023 10:04,User_240,Web_Browsing,-103 dBm,14 ms,0.3 Mbps,0.3 Mbps,0.7,0.3,0.3,14.0,-103.0,0.035919979398353036,0.023534770501800906
9/3/2023 10:04,User_241,Background_Download,-104 dBm,59 ms,540 Kbps,540 Kbps,0.6,0.54,0.54,59.0,-104.0,0.011025733321240018,0.005962556205823749
9/3/2023 10:04,User_242,VoIP_Call,-75 dBm,33 ms,65 Kbps,90 Kbps,0.9,0.065,0.09,33.0,-75.0,0.0029901176226462853,0.00048742654896162757
9/3/2023 10:04,User_243,Online_Gaming,-60 dBm,28 ms,4.4 Mbps,4.7 Mbps,0.8,4.4,4.7,28.0,-60.0,0.16307312079823633,1.1426978319207326
9/3/2023 10:04,User_244,Streaming,-91 dBm,42 ms,3.2 Mbps,3.7 Mbps,0.85,3.2,3.7,42.0,-91.0,0.0918740108939768,0.5849797845549886
9/3/2023 10:04,User_245,Video_Call,-56 dBm,34 ms,12.6 Mbps,13.9 Mbps,0.75,12.6,13.9,34.0,-56.0,0.4120398064349717,7.122744843020248
9/3/2023 10:04,User_246,Video_Streaming,-94 dBm,39 ms,2.9 Mbps,3.3 Mbps,0.7,2.9,3.3,39.0,-94.0,0.08672288732364601,0.43316781374851326
9/3/2023 10:04,User_247,Emergency_Service,-51 dBm,5 ms,0.6 Mbps,0.6 Mbps,0.7,0.6,0.6,5.0,-51.0,0.13961440025399194,0.1273378521952943
9/3/2023 10:04,User_248,Web_Browsing,-103 dBm,13 ms,0.3 Mbps,0.3 Mbps,0.7,0.3,0.3,13.0,-103.0,0.035919979398353036,0.023779924361194665
9/3/2023 10:04,User_249,Background_Download,-105 dBm,60 ms,530 Kbps,530 Kbps,0.6,0.53,0.53,60.0,-105.0,0.011025733321240018,0.00577723367548156
9/3/2023 10:04,User_250,VoIP_Call,-74 dBm,34 ms,60 Kbps,85 Kbps,0.9,0.06,0.085,34.0,-74.0,0.0029901176226462853,0.0004504177272316972
9/3/2023 10:04,User_251,Online_Gaming,-59 dBm,29 ms,4.5 Mbps,4.8 Mbps,0.8,4.5,4.8,29.0,-59.0,0.16307312079823633,1.141250928594377
9/3/2023 10:04,User_252,Streaming,-92 dBm,43 ms,3.1 Mbps,3.6 Mbps,0.85,3.1,3.6,43.0,-92.0,0.0918740108939768,0.5650802914044938
9/3/2023 10:04,User_253,Video_Call,-55 dBm,35 ms,12.7 Mbps,14.0 Mbps,0.75,12.7,14.0,35.0,-55.0,0.4120398064349717,7.005847277026437
9/3/2023 10:04,User_254,Video_Streaming,-95 dBm,40 ms,2.8 Mbps,3.2 Mbps,0.7,2.8,3.2,40.0,-95.0,0.08672288732364601,0.4172159270152133
9/3/2023 10:04,User_255,Emergency_Service,-50 dBm,5 ms,0.6 Mbps,0.6 Mbps,0.7,0.6,0.6,5.0,-50.0,0.13961440025399194,0.1259385351382032
9/3/2023 10:04,User_256,Web_Browsing,-104 dBm,12 ms,0.2 Mbps,0.2 Mbps,0.7,0.2,0.2,12.0,-104.0,0.035919979398353036,0.01612872384039503
9/3/2023 10:04,User_257,Background_Download,-106 dBm,61 ms,520 Kbps,520 Kbps,0.6,0.52,0.52,61.0,-106.0,0.011025733321240018,0.005593174092774349
9/3/2023 10:04,User_258,VoIP_Call,-73 dBm,35 ms,55 Kbps,80 Kbps,0.9,0.055,0.08,35.0,-73.0,0.0029901176226462853,0.0004146749484860826
9/3/2023 10:04,User_259,Online_Gaming,-58 dBm,30 ms,4.6 Mbps,4.9 Mbps,0.8,4.6,4.9,30.0,-58.0,0.16307312079823633,1.1390212742881907
9/3/2023 10:04,User_260,Streaming,-93 dBm,44 ms,3.0 Mbps,3.5 Mbps,0.85,3.0,3.5,44.0,-93.0,0.0918740108939768,0.545283738907114
9/3/2023 10:04,User_261,Video_Call,-54 dBm,36 ms,12.8 Mbps,14.1 Mbps,0.75,12.8,14.1,36.0,-54.0,0.4120398064349717,6.888528306685133
9/3/2023 10:04,User_262,Video_Streaming,-96 dBm,41 ms,2.7 Mbps,3.1 Mbps,0.7,2.7,3.1,41.0,-96.0,0.08672288732364601,0.40135509931360325
9/3/2023 10:04,User_263,Emergency_Service,-50 dBm,5 ms,0.6 Mbps,0.6 Mbps,0.7,0.6,0.6,5.0,-50.0,0.13961440025399194,0.1259385351382032
9/3/2023 10:04,User_264,Web_Browsing,-104 dBm,11 ms,0.2 Mbps,0.2 Mbps,0.7,0.2,0.2,11.0,-104.0,0.035919979398353036,0.01629330265509294
9/3/2023 10:04,User_265,Background_Download,-107 dBm,62 ms,510 Kbps,510 Kbps,0.6,0.51,0.51,62.0,-107.0,0.011025733321240018,0.005410467668247474
9/3/2023 10:04,User_266,VoIP_Call,-72 dBm,36 ms,50 Kbps,75 Kbps,0.9,0.05,0.075,36.0,-72.0,0.0029901176226462853,0.00038017986427573585
9/3/2023 10:04,User_267,Online_Gaming,-57 dBm,31 ms,4.7 Mbps,5.0 Mbps,0.8,4.7,5.0,31.0,-57.0,0.16307312079823633,1.1360266587971681
9/3/2023 10:04,User_268,Streaming,-94 dBm,45 ms,2.9 Mbps,3.4 Mbps,0.85,2.9,3.4,45.0,-94.0,0.0918740108939768,0.5256007760959305
9/3/2023 10:04,User_269,Video_Call,-53 dBm,37 ms,12.9 Mbps,14.2 Mbps,0.75,12.9,14.2,37.0,-53.0,0.4120398064349717,6.770830072431089
9/3/2023 10:04,User_270,Video_Streaming,-97 dBm,42 ms,2.6 Mbps,3.0 Mbps,0.7,2.6,3.0,42.0,-97.0,0.08672288732364601,0.3855936087374729
9/3/2023 10:04,User_271,Emergency_Service,-49 dBm,5 ms,0.6 Mbps,0.6 Mbps,0.7,0.6,0.6,5.0,-49.0,0.13961440025399194,0.12453921808111204
9/3/2023 10:04,User_272,Web_Browsing,-105 dBm,10 ms,0.2 Mbps,0.2 Mbps,0.7,0.2,0.2,10.0,-105.0,0.035919979398353036,0.01657217231333106
9/3/2023 10:04,User_273,Background_Download,-108 dBm,63 ms,500 Kbps,500 Kbps,0.6,0.5,0.5,63.0,-108.0,0.011025733321240018,0.0052292046124462884
9/3/2023 10:04,User_274,VoIP_Call,-71 dBm,37 ms,45 Kbps,70 Kbps,0.9,0.045,0.07,37.0,-71.0,0.0029901176226462853,0.000346914126151609
9/3/2023 10:04,User_275,Online_Gaming,-56 dBm,32 ms,4.8 Mbps,5.1 Mbps,0.8,4.8,5.1,32.0,-56.0,0.16307312079823633,1.1322848719163068
9/3/2023 10:04,User_276,Streaming,-95 dBm,46 ms,2.8 Mbps,3.3 Mbps,0.85,2.8,3.3,46.0,-95.0,0.0918740108939768,0.5060420520040242
9/3/2023 10:04,User_277,Video_Call,-52 dBm,38 ms,13.0 Mbps,14.3 Mbps,0.75,13.0,14.3,38.0,-52.0,0.4120398064349717,6.652794714699052
9/3/2023 10:04,User_278,Video_Streaming,-98 dBm,43 ms,2.5 Mbps,2.9 Mbps,0.7,2.5,2.9,43.0,-98.0,0.08672288732364601,0.3699397333806125
9/3/2023 10:04,User_279,Emergency_Service,-49 dBm,5 ms,0.6 Mbps,0.6 Mbps,0.7,0.6,0.6,5.0,-49.0,0.13961440025399194,0.12453921808111204
9/3/2023 10:04,User_280,Web_Browsing,-105 dBm,9 ms,0.1 Mbps,0.1 Mbps,0.7,0.1,0.1,9.0,-105.0,0.035919979398353036,0.008368947018232186
9/3/2023 10:04,User_281,Background_Download,-109 dBm,64 ms,490 Kbps,490 Kbps,0.6,0.49,0.49,64.0,-109.0,0.011025733321240018,0.005049475135916149
9/3/2023 10:04,User_282,VoIP_Call,-70 dBm,38 ms,40 Kbps,65 Kbps,0.9,0.04,0.065,38.0,-70.0,0.0029901176226462853,0.0003148593856646538
9/3/2023 10:04,User_283,Online_Gaming,-55 dBm,33 ms,4.9 Mbps,5.2 Mbps,0.8,4.9,5.2,33.0,-55.0,0.16307312079823633,1.1278137034406026
9/3/2023 10:04,User_284,Streaming,-96 dBm,47 ms,2.7 Mbps,3.2 Mbps,0.85,2.7,3.2,47.0,-96.0,0.0918740108939768,0.4866182156644758
9/3/2023 10:04,User_285,Video_Call,-51 dBm,39 ms,13.1 Mbps,14.4 Mbps,0.75,13.1,14.4,39.0,-51.0,0.4120398064349717,6.5344643739237736
9/3/2023 10:04,User_286,Video_Streaming,-99 dBm,44 ms,2.4 Mbps,2.8 Mbps,0.7,2.4,2.8,44.0,-99.0,0.08672288732364601,0.35440175133681173
9/3/2023 10:04,User_287,Emergency_Service,-48 dBm,5 ms,0.5 Mbps,0.5 Mbps,0.7,0.5,0.5,5.0,-48.0,0.13961440025399194,0.10261658418668408
9/3/2023 10:04,User_288,Web_Browsing,-105 dBm,8 ms,0.1 Mbps,0.1 Mbps,0.7,0.1,0.1,8.0,-105.0,0.035919979398353036,0.00845180787979884
9/3/2023 10:04,User_289,Background_Download,-110 dBm,65 ms,480 Kbps,480 Kbps,0.6,0.48,0.48,65.0,-110.0,0.011025733321240018,0.0048713694492024074
9/3/2023 10:04,User_290,VoIP_Call,-69 dBm,39 ms,35 Kbps,60 Kbps,0.9,0.035,0.06,39.0,-69.0,0.0029901176226462853,0.0002839972943658224
9/3/2023 10:05,User_291,Online_Gaming,-54 dBm,34 ms,5.0 Mbps,5.3 Mbps,0.8,5.0,5.3,34.0,-54.0,0.16307312079823633,1.1226309431650512
9/3/2023 10:05,User_292,Streaming,-97 dBm,48 ms,2.6 Mbps,3.1 Mbps,0.85,2.6,3.1,48.0,-97.0,0.0918740108939768,0.4673399161103663
9/3/2023 10:05,User_293,Video_Call,-50 dBm,40 ms,13.2 Mbps,14.5 Mbps,0.75,13.2,14.5,40.0,-50.0,0.4120398064349717,6.41588119054
9/3/2023 10:05,User_294,Video_Streaming,-100 dBm,45 ms,2.3 Mbps,2.7 Mbps,0.7,2.3,2.7,45.0,-100.0,0.08672288732364601,0.33898794069986077
9/3/2023 10:05,User_295,Emergency_Service,-48 dBm,5 ms,0.5 Mbps,0.5 Mbps,0.7,0.5,0.5,5.0,-48.0,0.13961440025399194,0.10261658418668408
9/3/2023 10:05,User_296,Web_Browsing,-106 dBm,7 ms,0.1 Mbps,0.1 Mbps,0.7,0.1,0.1,7.0,-106.0,0.035919979398353036,0.008593528525788706
9/3/2023 10:05,User_297,Background_Download,-111 dBm,66 ms,470 Kbps,470 Kbps,0.6,0.47,0.47,66.0,-111.0,0.011025733321240018,0.0046949777628504255
9/3/2023 10:05,User_298,VoIP_Call,-68 dBm,40 ms,30 Kbps,55 Kbps,0.9,0.03,0.055,40.0,-68.0,0.0029901176226462853,0.00025430950380606656
9/3/2023 10:05,User_299,Online_Gaming,-53 dBm,35 ms,5.1 Mbps,5.4 Mbps,0.8,5.1,5.4,35.0,-53.0,0.16307312079823633,1.1167543808846494
9/3/2023 10:05,User_300,Streaming,-98 dBm,49 ms,2.5 Mbps,3.0 Mbps,0.85,2.5,3.0,49.0,-98.0,0.0918740108939768,0.44821780237477654
9/3/2023 10:05,User_301,Video_Call,-49 dBm,41 ms,13.3 Mbps,14.6 Mbps,0.75,13.3,14.6,41.0,-49.0,0.4120398064349717,6.297087304982479
9/3/2023 10:05,User_302,Video_Streaming,-101 dBm,46 ms,2.2 Mbps,2.6 Mbps,0.7,2.2,2.6,46.0,-101.0,0.08672288732364601,0.32370657956354965
9/3/2023 10:05,User_303,Emergency_Service,-47 dBm,5 ms,0.5 Mbps,0.5 Mbps,0.7,0.5,0.5,5.0,-47.0,0.13961440025399194,0.1014504866391081
9/3/2023 10:05,User_304,Web_Browsing,-106 dBm,6 ms,0.1 Mbps,0.1 Mbps,0.7,0.1,0.1,6.0,-106.0,0.035919979398353036,0.008676960841573062
9/3/2023 10:05,User_305,Background_Download,-112 dBm,67 ms,460 Kbps,460 Kbps,0.6,0.46,0.46,67.0,-112.0,0.011025733321240018,0.0045203902874055525
9/3/2023 10:05,User_306,VoIP_Call,-67 dBm,41 ms,25 Kbps,50 Kbps,0.9,0.025,0.05,41.0,-67.0,0.0029901176226462853,0.00022577766553633828
9/3/2023 10:05,User_307,Online_Gaming,-52 dBm,36 ms,5.2 Mbps,5.5 Mbps,0.8,5.2,5.5,36.0,-52.0,0.16307312079823633,1.1102018063943928
9/3/2023 10:05,User_308,Streaming,-99 dBm,50 ms,2.4 Mbps,2.9 Mbps,0.85,2.4,2.9,50.0,-99.0,0.0918740108939768,0.42926252349078736
9/3/2023 10:05,User_309,Video_Call,-48 dBm,42 ms,13.4 Mbps,14.7 Mbps,0.75,13.4,14.7,42.0,-48.0,0.4120398064349717,6.178124857685965
9/3/2023 10:05,User_310,Video_Streaming,-102 dBm,47 ms,2.1 Mbps,2.5 Mbps,0.7,2.1,2.5,47.0,-102.0,0.08672288732364601,0.3085659460216682
9/3/2023 10:05,User_311,Emergency_Service,-47 dBm,5 ms,0.5 Mbps,0.5 Mbps,0.7,0.5,0.5,5.0,-47.0,0.13961440025399194,0.1014504866391081
9/3/2023 10:05,User_312,Web_Browsing,-107 dBm,5 ms,0.1 Mbps,0.1 Mbps,0.7,0.1,0.1,5.0,-107.0,0.035919979398353036,0.008820395850216031
9/3/2023 10:05,User_313,Background_Download,-113 dBm,68 ms,450 Kbps,450 Kbps,0.6,0.45,0.45,68.0,-113.0,0.011025733321240018,0.00434769723341315
9/3/2023 10:05,User_314,VoIP_Call,-66 dBm,42 ms,20 Kbps,45 Kbps,0.9,0.02,0.045,42.0,-66.0,0.0029901176226462853,0.0001983834311075896
9/3/2023 10:05,User_315,Online_Gaming,-51 dBm,37 ms,5.3 Mbps,5.6 Mbps,0.8,5.3,5.6,37.0,-51.0,0.16307312079823633,1.1029910094892779
9/3/2023 10:05,User_316,Streaming,-100 dBm,51 ms,2.3 Mbps,2.8 Mbps,0.85,2.3,2.8,51.0,-100.0,0.0918740108939768,0.41048472849147977
9/3/2023 10:05,User_317,Video_Call,-47 dBm,43 ms,13.5 Mbps,14.8 Mbps,0.75,13.5,14.8,43.0,-47.0,0.4120398064349717,6.059035989085203
9/3/2023 10:05,User_318,Video_Streaming,-103 dBm,48 ms,2.0 Mbps,2.4 Mbps,0.7,2.0,2.4,48.0,-103.0,0.08672288732364601,0.2935743181680065
9/3/2023 10:05,User_319,Emergency_Service,-46 dBm,5 ms,0.5 Mbps,0.5 Mbps,0.7,0.5,0.5,5.0,-46.0,0.13961440025399194,0.10028438909153216
9/3/2023 10:05,User_320,Web_Browsing,-107 dBm,4 ms,0.1 Mbps,0.1 Mbps,0.7,0.1,0.1,4.0,-107.0,0.035919979398353036,0.008904399620218087
9/3/2023 10:05,User_321,Background_Download,-114 dBm,69 ms,440 Kbps,440 Kbps,0.6,0.44,0.44,69.0,-114.0,0.011025733321240018,0.004176988811418568
9/3/2023 10:05,User_322,VoIP_Call,-65 dBm,43 ms,15 Kbps,40 Kbps,0.9,0.015,0.04,43.0,-65.0,0.0029901176226462853,0.00017210845207077234
9/3/2023 10:05,User_323,Online_Gaming,-50 dBm,38 ms,5.4 Mbps,5.7 Mbps,0.8,5.4,5.7,38.0,-50.0,0.16307312079823633,1.0951397799643015
9/3/2023 10:05,User_324,Streaming,-101 dBm,52 ms,2.2 Mbps,2.7 Mbps,0.85,2.2,2.7,52.0,-101.0,0.0918740108939768,0.3918950664099347
9/3/2023 10:05,User_325,Video_Call,-46 dBm,44 ms,13.6 Mbps,14.9 Mbps,0.75,13.6,14.9,44.0,-46.0,0.4120398064349717,5.939862839614943
9/3/2023 10:05,User_326,Video_Streaming,-104 dBm,49 ms,1.9 Mbps,2.3 Mbps,0.7,1.9,2.3,49.0,-104.0,0.08672288732364601,0.2787399740963544
9/3/2023 10:05,User_327,Emergency_Service,-46 dBm,5 ms,0.5 Mbps,0.5 Mbps,0.7,0.5,0.5,5.0,-46.0,0.13961440025399194,0.10028438909153216
9/3/2023 10:05,User_328,Web_Browsing,-108 dBm,3 ms,0.1 Mbps,0.1 Mbps,0.7,0.1,0.1,3.0,-108.0,0.035919979398353036,0.009049548991514162
9/3/2023 10:05,User_329,Background_Download,-115 dBm,70 ms,430 Kbps,430 Kbps,0.6,0.43,0.43,70.0,-115.0,0.011025733321240018,0.004008355231967167
9/3/2023 10:05,User_330,VoIP_Call,-64 dBm,44 ms,10 Kbps,35 Kbps,0.9,0.01,0.035,44.0,-64.0,0.0029901176226462853,0.00014693437997683847
9/3/2023 10:05,User_331,Online_Gaming,-49 dBm,39 ms,5.5 Mbps,5.8 Mbps,0.8,5.5,5.8,39.0,-49.0,0.16307312079823633,1.0866659076144585
9/3/2023 10:05,User_332,Streaming,-102 dBm,53 ms,2.1 Mbps,2.6 Mbps,0.85,2.1,2.6,53.0,-102.0,0.0918740108939768,0.3735041862792328
9/3/2023 10:05,User_333,Video_Call,-45 dBm,45 ms,13.7 Mbps,15.0 Mbps,0.75,13.7,15.0,45.0,-45.0,0.4120398064349717,5.820647549709934
9/3/2023 10:05,User_334,Video_Streaming,-105 dBm,50 ms,1.8 Mbps,2.2 Mbps,0.7,1.8,2.2,50.0,-105.0,0.08672288732364601,0.2640711919005021
9/3/2023 10:05,User_335,Emergency_Service,-45 dBm,5 ms,0.5 Mbps,0.5 Mbps,0.7,0.5,0.5,5.0,-45.0,0.13961440025399194,0.09911829154395621
9/3/2023 10:05,User_336,Web_Browsing,-108 dBm,2 ms,0.1 Mbps,0.1 Mbps,0.7,0.1,0.1,2.0,-108.0,0.035919979398353036,0.009134124215733919
9/3/2023 10:05,User_337,Background_Download,-116 dBm,71 ms,420 Kbps,420 Kbps,0.6,0.42,0.42,71.0,-116.0,0.011025733321240018,0.003841886705604298
9/3/2023 10:05,User_338,VoIP_Call,-63 dBm,45 ms,5 Kbps,30 Kbps,0.9,0.005,0.03,45.0,-63.0,0.0029901176226462853,0.00012284286637673992
9/3/2023 10:05,User_339,Online_Gaming,-48 dBm,40 ms,5.6 Mbps,5.9 Mbps,0.8,5.6,5.9,40.0,-48.0,0.16307312079823633,1.0775871822347458
9/3/2023 10:05,User_340,Streaming,-103 dBm,54 ms,2.0 Mbps,2.5 Mbps,0.85,2.0,2.5,54.0,-103.0,0.0918740108939768,0.3553227371324552
9/3/2023 10:05,User_341,Video_Call,-45 dBm,46 ms,13.8 Mbps,15.1 Mbps,0.75,13.8,15.1,46.0,-45.0,0.4120398064349717,5.76930645337403
9/3/2023 10:05,User_342,Video_Streaming,-106 dBm,51 ms,1.7 Mbps,2.1 Mbps,0.7,1.7,2.1,51.0,-106.0,0.08672288732364601,0.24957624967423941
9/3/2023 10:05,User_343,Emergency_Service,-44 dBm,5 ms,0.5 Mbps,0.5 Mbps,0.7,0.5,0.5,5.0,-44.0,0.13961440025399194,0.09795219399638026
9/3/2023 10:05,User_344,Web_Browsing,-109 dBm,1 ms,0.1 Mbps,0.1 Mbps,0.7,0.1,0.1,1.0,-109.0,0.035919979398353036,0.009280987949683095
9/3/2023 10:05,User_345,Background_Download,-117 dBm,72 ms,410 Kbps,410 Kbps,0.6,0.41,0.41,72.0,-117.0,0.011025733321240018,0.0036776734428753217
9/3/2023 10:05,User_346,VoIP_Call,-62 dBm,46 ms,0 Kbps,25 Kbps,0.9,0.0,0.025,46.0,-62.0,0.0029901176226462853,9.981556282142871e-5
9/3/2023 10:05,User_347,Online_Gaming,-47 dBm,41 ms,5.7 Mbps,6.0 Mbps,0.8,5.7,6.0,41.0,-47.0,0.16307312079823633,1.067921393620159
9/3/2023 10:05,User_348,Streaming,-104 dBm,55 ms,1.9 Mbps,2.4 Mbps,0.85,1.9,2.4,55.0,-104.0,0.0918740108939768,0.3373613680026828
9/3/2023 10:05,User_349,Video_Call,-44 dBm,47 ms,13.9 Mbps,15.2 Mbps,0.75,13.9,15.2,47.0,-44.0,0.4120398064349717,5.649515244194118
9/3/2023 10:05,User_350,Video_Streaming,-107 dBm,52 ms,1.6 Mbps,2.0 Mbps,0.7,1.6,2.0,52.0,-107.0,0.08672288732364601,0.23526342551135643
9/3/2023 10:06,User_351,Emergency_Service,-44 dBm,5 ms,0.5 Mbps,0.5 Mbps,0.7,0.5,0.5,5.0,-44.0,0.13961440025399194,0.09795219399638026
9/3/2023 10:06,User_352,Web_Browsing,-109 dBm,0 ms,0.1 Mbps,0.1 Mbps,0.7,0.1,0.1,0.0,-109.0,0.035919979398353036,0.009366134628120554
9/3/2023 10:06,User_353,Background_Download,-118 dBm,73 ms,400 Kbps,400 Kbps,0.6,0.4,0.4,73.0,-118.0,0.011025733321240018,0.0035158056543255893
9/3/2023 10:06,User_354,VoIP_Call,-61 dBm,47 ms,0 Kbps,20 Kbps,0.9,0.0,0.02,47.0,-61.0,0.0029901176226462853,7.783412086185674e-5
9/3/2023 10:06,User_355,Online_Gaming,-46 dBm,42 ms,5.8 Mbps,6.1 Mbps,0.8,5.8,6.1,42.0,-46.0,0.16307312079823633,1.0576863315656955
9/3/2023 10:06,User_356,Streaming,-105 dBm,56 ms,1.8 Mbps,2.3 Mbps,0.85,1.8,2.3,56.0,-105.0,0.0918740108939768,0.31963072792299635
9/3/2023 10:06,User_357,Video_Call,-43 dBm,48 ms,14.0 Mbps,15.3 Mbps,0.75,14.0,15.3,48.0,-43.0,0.4120398064349717,5.529794269072122
9/3/2023 10:06,User_358,Video_Streaming,-108 dBm,53 ms,1.5 Mbps,1.9 Mbps,0.7,1.5,1.9,53.0,-108.0,0.08672288732364601,0.22114099750564303
9/3/2023 10:06,User_359,Emergency_Service,-43 dBm,5 ms,0.5 Mbps,0.5 Mbps,0.7,0.5,0.5,5.0,-43.0,0.13961440025399194,0.0967860964488043
9/3/2023 10:06,User_360,Web_Browsing,-110 dBm,0 ms,0.1 Mbps,0.1 Mbps,0.7,0.1,0.1,0.0,-110.0,0.035919979398353036,0.00942899459206767
9/3/2023 10:06,User_361,Background_Download,-119 dBm,74 ms,390 Kbps,390 Kbps,0.6,0.39,0.39,74.0,-119.0,0.011025733321240018,0.003356373550500459
9/3/2023 10:06,User_362,VoIP_Call,-60 dBm,48 ms,0 Kbps,15 Kbps,0.9,0.0,0.015,48.0,-60.0,0.0029901176226462853,5.6880192048975936e-5
9/3/2023 10:06,User_363,Online_Gaming,-45 dBm,43 ms,5.9 Mbps,6.2 Mbps,0.8,5.9,6.2,43.0,-45.0,0.16307312079823633,1.0468997858663502
9/3/2023 10:06,User_364,Streaming,-106 dBm,57 ms,1.7 Mbps,2.2 Mbps,0.85,1.7,2.2,57.0,-106.0,0.0918740108939768,0.3021414659264768
9/3/2023 10:06,User_365,Video_Call,-43 dBm,49 ms,14.1 Mbps,15.4 Mbps,0.75,14.1,15.4,49.0,-43.0,0.4120398064349717,5.476163542448187
9/3/2023 10:06,User_366,Video_Streaming,-109 dBm,54 ms,1.4 Mbps,1.8 Mbps,0.7,1.4,1.8,54.0,-109.0,0.08672288732364601,0.20721724375088924
9/3/2023 10:06,User_367,Emergency_Service,-42 dBm,5 ms,0.4 Mbps,0.4 Mbps,0.7,0.4,0.4,5.0,-42.0,0.13961440025399194,0.07649599912098266
9/3/2023 10:06,User_368,Web_Browsing,-110 dBm,0 ms,0.1 Mbps,0.1 Mbps,0.7,0.1,0.1,0.0,-110.0,0.035919979398353036,0.00942899459206767
9/3/2023 10:06,User_369,Background_Download,-120 dBm,75 ms,380 Kbps,380 Kbps,0.6,0.38,0.38,75.0,-120.0,0.011025733321240018,0.0031994673419452856
9/3/2023 10:06,User_370,VoIP_Call,-59 dBm,49 ms,0 Kbps,10 Kbps,0.9,0.0,0.01,49.0,-59.0,0.0029901176226462853,3.693542793373825e-5
9/3/2023 10:06,User_371,Online_Gaming,-44 dBm,44 ms,6.0 Mbps,6.3 Mbps,0.8,6.0,6.3,44.0,-44.0,0.16307312079823633,1.03557954631712
9/3/2023 10:06,User_372,Streaming,-107 dBm,58 ms,1.6 Mbps,2.1 Mbps,0.85,1.6,2.1,58.0,-107.0,0.0918740108939768,0.2849042310462051
9/3/2023 10:06,User_373,Video_Call,-42 dBm,50 ms,14.2 Mbps,15.5 Mbps,0.75,14.2,15.5,50.0,-42.0,0.4120398064349717,5.356049256601864
9/3/2023 10:06,User_374,Video_Streaming,-110 dBm,55 ms,1.3 Mbps,1.7 Mbps,0.7,1.3,1.7,55.0,-110.0,0.08672288732364601,0.19350044234088512
9/3/2023 10:06,User_375,Emergency_Service,-42 dBm,5 ms,0.4 Mbps,0.4 Mbps,0.7,0.4,0.4,5.0,-42.0,0.13961440025399194,0.07649599912098266
9/3/2023 10:06,User_376,Web_Browsing,-111 dBm,0 ms,0.1 Mbps,0.1 Mbps,0.7,0.1,0.1,0.0,-111.0,0.035919979398353036,0.009491854556014789
9/3/2023 10:06,User_377,Background_Download,-121 dBm,76 ms,370 Kbps,370 Kbps,0.6,0.37,0.37,76.0,-121.0,0.011025733321240018,0.0030451772392054233
9/3/2023 10:06,User_378,VoIP_Call,-58 dBm,50 ms,0 Kbps,5 Kbps,0.9,0.0,0.005,50.0,-58.0,0.0029901176226462853,1.7981480067095613e-5
9/3/2023 10:06,User_379,Online_Gaming,-43 dBm,45 ms,6.1 Mbps,6.4 Mbps,0.8,6.1,6.4,45.0,-43.0,0.16307312079823633,1.023743402713001
9/3/2023 10:06,User_380,Streaming,-108 dBm,59 ms,1.5 Mbps,2.0 Mbps,0.85,1.5,2.0,59.0,-108.0,0.0918740108939768,0.267929672315262
9/3/2023 10:06,User_381,Video_Call,-41 dBm,51 ms,14.3 Mbps,15.6 Mbps,0.75,14.3,15.6,51.0,-41.0,0.4120398064349717,5.236117579306121
9/3/2023 10:06,User_382,Video_Streaming,-111 dBm,56 ms,1.2 Mbps,1.6 Mbps,0.7,1.2,1.6,56.0,-111.0,0.08672288732364601,0.17999887136942064
9/3/2023 10:06,User_383,Emergency_Service,-41 dBm,5 ms,0.4 Mbps,0.4 Mbps,0.7,0.4,0.4,5.0,-41.0,0.13961440025399194,0.07556312108292192
9/3/2023 10:06,User_384,Web_Browsing,-111 dBm,0 ms,0.1 Mbps,0.1 Mbps,0.7,0.1,0.1,0.0,-111.0,0.035919979398353036,0.009491854556014789
9/3/2023 10:06,User_385,Background_Download,-122 dBm,77 ms,360 Kbps,360 Kbps,0.6,0.36,0.36,77.0,-122.0,0.011025733321240018,0.0028935934528262304
9/3/2023 10:06,User_386,VoIP_Call,-57 dBm,51 ms,0 Kbps,0 Kbps,0.9,0.0,0.0,51.0,-57.0,0.0029901176226462853,0.0
9/3/2023 10:06,User_387,Online_Gaming,-42 dBm,46 ms,6.2 Mbps,6.5 Mbps,0.8,6.2,6.5,46.0,-42.0,0.16307312079823633,1.0114091448489884
9/3/2023 10:06,User_388,Streaming,-109 dBm,60 ms,1.4 Mbps,1.9 Mbps,0.85,1.4,1.9,60.0,-109.0,0.0918740108939768,0.2512284387667285
9/3/2023 10:06,User_389,Video_Call,-41 dBm,52 ms,14.4 Mbps,15.7 Mbps,0.75,14.4,15.7,52.0,-41.0,0.4120398064349717,5.180365784133154
9/3/2023 10:06,User_390,Video_Streaming,-112 dBm,57 ms,1.1 Mbps,1.5 Mbps,0.7,1.1,1.5,57.0,-112.0,0.08672288732364601,0.16672080893028562
9/3/2023 10:06,User_391,Emergency_Service,-40 dBm,5 ms,0.4 Mbps,0.4 Mbps,0.7,0.4,0.4,5.0,-40.0,0.13961440025399194,0.07463024304486114
9/3/2023 10:06,User_392,Web_Browsing,-112 dBm,0 ms,0.1 Mbps,0.1 Mbps,0.7,0.1,0.1,0.0,-112.0,0.035919979398353036,0.009554714519961906
9/3/2023 10:06,User_393,Background_Download,-123 dBm,78 ms,350 Kbps,350 Kbps,0.6,0.35,0.35,78.0,-123.0,0.011025733321240018,0.0027448061933530604
9/3/2023 10:06,User_394,VoIP_Call,-56 dBm,52 ms,0 Kbps,0 Kbps,0.9,0.0,0.0,52.0,-56.0,0.0029901176226462853,0.0
9/3/2023 10:06,User_395,Online_Gaming,-41 dBm,47 ms,6.3 Mbps,6.6 Mbps,0.8,6.3,6.6,47.0,-41.0,0.16307312079823633,0.9985945625200799
9/3/2023 10:06,User_396,Streaming,-110 dBm,61 ms,1.3 Mbps,1.8 Mbps,0.85,1.3,1.8,61.0,-110.0,0.0918740108939768,0.23481117943368546
9/3/2023 10:06,User_397,Video_Call,-40 dBm,53 ms,14.5 Mbps,15.8 Mbps,0.75,14.5,15.8,53.0,-40.0,0.4120398064349717,5.060223404663666
9/3/2023 10:06,User_398,Video_Streaming,-113 dBm,58 ms,1.0 Mbps,1.4 Mbps,0.7,1.0,1.4,58.0,-113.0,0.08672288732364601,0.15367453311727028
9/3/2023 10:06,User_399,Emergency_Service,-40 dBm,5 ms,0.4 Mbps,0.4 Mbps,0.7,0.4,0.4,5.0,-40.0,0.13961440025399194,0.07463024304486114
9/3/2023 10:06,User_400,Web_Browsing,-113 dBm,0 ms,0.1 Mbps,0.1 Mbps,0.7,0.1,0.1,0.0,-113.0,0.035919979398353036,0.009617574483909026
